<?xml version="1.0"  encoding="UTF-8" ?>
<rss version="2.0" xmlns:atom="http://www.w3.org/2005/Atom">
  <channel>
    <title>{$title}</title>
    <link><![CDATA[{$link}]]></link>
    <description>{$description}</description>     
    <atom:link href="{$link}" rel="self" type="application/rss+xml" />

    {loop$item}
    <item> 
        <title><![CDATA[{$author} - {$category}]]></title> 
        <link><![CDATA[{$link}]]></link> 
        <description><![CDATA[{$text}]]></description> 
        <category>{$category}</category> 
        <guid><![CDATA[{$link}&{$author}{$timestamp}]]></guid> 
        <pubDate>{$date}</pubDate> 
    </item>
    {endloop}
  </channel> 
</rss>

